<annotation>
	<folder>train</folder>
	<filename>cam_image27.jpg</filename>
	<path>cam_image27.jpg</path>
	<source>
		<database>Unknown</database>
	</source>
	<size>
		<width>960</width>
		<height>540</height>
		<depth>3</depth>
	</size>
	<segmented>0</segmented>
	<object>
		<name>jack</name>
		<pose>Unspecified</pose>
		<truncated>0</truncated>
		<difficult>0</difficult>
		<bndbox>
			<xmin>328</xmin>
			<ymin>145</ymin>
			<xmax>555</xmax>
			<ymax>440</ymax>
		</bndbox>
	</object>
</annotation>
