<annotation>
	<folder>train</folder>
	<filename>cam_image43.jpg</filename>
	<path>cam_image43.jpg</path>
	<source>
		<database>Unknown</database>
	</source>
	<size>
		<width>960</width>
		<height>540</height>
		<depth>3</depth>
	</size>
	<segmented>0</segmented>
	<object>
		<name>jack</name>
		<pose>Unspecified</pose>
		<truncated>0</truncated>
		<difficult>0</difficult>
		<bndbox>
			<xmin>570</xmin>
			<ymin>230</ymin>
			<xmax>734</xmax>
			<ymax>424</ymax>
		</bndbox>
	</object>
	<object>
		<name>jack</name>
		<pose>Unspecified</pose>
		<truncated>0</truncated>
		<difficult>0</difficult>
		<bndbox>
			<xmin>749</xmin>
			<ymin>234</ymin>
			<xmax>886</xmax>
			<ymax>415</ymax>
		</bndbox>
	</object>
</annotation>
