<annotation>
	<folder>train</folder>
	<filename>IMG_2663.JPG</filename>
	<path>IMG_2663.JPG</path>
	<source>
		<database>Unknown</database>
	</source>
	<size>
		<width>378</width>
		<height>504</height>
		<depth>3</depth>
	</size>
	<segmented>0</segmented>
	<object>
		<name>jack</name>
		<pose>Unspecified</pose>
		<truncated>0</truncated>
		<difficult>0</difficult>
		<bndbox>
			<xmin>158</xmin>
			<ymin>189</ymin>
			<xmax>318</xmax>
			<ymax>377</ymax>
		</bndbox>
	</object>
	<object>
		<name>nine</name>
		<pose>Unspecified</pose>
		<truncated>0</truncated>
		<difficult>0</difficult>
		<bndbox>
			<xmin>10</xmin>
			<ymin>224</ymin>
			<xmax>177</xmax>
			<ymax>431</ymax>
		</bndbox>
	</object>
</annotation>
