<annotation>
	<folder>train</folder>
	<filename>IMG_2605.JPG</filename>
	<path>IMG_2605.JPG</path>
	<source>
		<database>Unknown</database>
	</source>
	<size>
		<width>378</width>
		<height>504</height>
		<depth>3</depth>
	</size>
	<segmented>0</segmented>
	<object>
		<name>king</name>
		<pose>Unspecified</pose>
		<truncated>0</truncated>
		<difficult>0</difficult>
		<bndbox>
			<xmin>118</xmin>
			<ymin>180</ymin>
			<xmax>311</xmax>
			<ymax>415</ymax>
		</bndbox>
	</object>
	<object>
		<name>ten</name>
		<pose>Unspecified</pose>
		<truncated>0</truncated>
		<difficult>0</difficult>
		<bndbox>
			<xmin>74</xmin>
			<ymin>190</ymin>
			<xmax>172</xmax>
			<ymax>394</ymax>
		</bndbox>
	</object>
</annotation>
