<annotation>
	<folder>train</folder>
	<filename>IMG_2618.JPG</filename>
	<path>IMG_2618.JPG</path>
	<source>
		<database>Unknown</database>
	</source>
	<size>
		<width>378</width>
		<height>504</height>
		<depth>3</depth>
	</size>
	<segmented>0</segmented>
	<object>
		<name>ten</name>
		<pose>Unspecified</pose>
		<truncated>0</truncated>
		<difficult>0</difficult>
		<bndbox>
			<xmin>105</xmin>
			<ymin>81</ymin>
			<xmax>340</xmax>
			<ymax>249</ymax>
		</bndbox>
	</object>
	<object>
		<name>king</name>
		<pose>Unspecified</pose>
		<truncated>0</truncated>
		<difficult>0</difficult>
		<bndbox>
			<xmin>105</xmin>
			<ymin>245</ymin>
			<xmax>324</xmax>
			<ymax>325</ymax>
		</bndbox>
	</object>
</annotation>
