<annotation>
	<folder>train</folder>
	<filename>IMG_2665.JPG</filename>
	<path>IMG_2665.JPG</path>
	<source>
		<database>Unknown</database>
	</source>
	<size>
		<width>378</width>
		<height>504</height>
		<depth>3</depth>
	</size>
	<segmented>0</segmented>
	<object>
		<name>ten</name>
		<pose>Unspecified</pose>
		<truncated>0</truncated>
		<difficult>0</difficult>
		<bndbox>
			<xmin>185</xmin>
			<ymin>140</ymin>
			<xmax>363</xmax>
			<ymax>374</ymax>
		</bndbox>
	</object>
	<object>
		<name>queen</name>
		<pose>Unspecified</pose>
		<truncated>0</truncated>
		<difficult>0</difficult>
		<bndbox>
			<xmin>39</xmin>
			<ymin>172</ymin>
			<xmax>192</xmax>
			<ymax>401</ymax>
		</bndbox>
	</object>
</annotation>
