<annotation>
	<folder>train</folder>
	<filename>IMG_2617.JPG</filename>
	<path>IMG_2617.JPG</path>
	<source>
		<database>Unknown</database>
	</source>
	<size>
		<width>378</width>
		<height>504</height>
		<depth>3</depth>
	</size>
	<segmented>0</segmented>
	<object>
		<name>nine</name>
		<pose>Unspecified</pose>
		<truncated>0</truncated>
		<difficult>0</difficult>
		<bndbox>
			<xmin>63</xmin>
			<ymin>130</ymin>
			<xmax>229</xmax>
			<ymax>360</ymax>
		</bndbox>
	</object>
	<object>
		<name>ace</name>
		<pose>Unspecified</pose>
		<truncated>0</truncated>
		<difficult>0</difficult>
		<bndbox>
			<xmin>224</xmin>
			<ymin>122</ymin>
			<xmax>300</xmax>
			<ymax>348</ymax>
		</bndbox>
	</object>
</annotation>
