<annotation>
	<folder>train</folder>
	<filename>IMG_2628.JPG</filename>
	<path>IMG_2628.JPG</path>
	<source>
		<database>Unknown</database>
	</source>
	<size>
		<width>378</width>
		<height>504</height>
		<depth>3</depth>
	</size>
	<segmented>0</segmented>
	<object>
		<name>queen</name>
		<pose>Unspecified</pose>
		<truncated>0</truncated>
		<difficult>0</difficult>
		<bndbox>
			<xmin>35</xmin>
			<ymin>89</ymin>
			<xmax>265</xmax>
			<ymax>348</ymax>
		</bndbox>
	</object>
	<object>
		<name>king</name>
		<pose>Unspecified</pose>
		<truncated>0</truncated>
		<difficult>0</difficult>
		<bndbox>
			<xmin>203</xmin>
			<ymin>100</ymin>
			<xmax>365</xmax>
			<ymax>349</ymax>
		</bndbox>
	</object>
</annotation>
