<annotation>
	<folder>train</folder>
	<filename>IMG_2602.JPG</filename>
	<path>IMG_2602.JPG</path>
	<source>
		<database>Unknown</database>
	</source>
	<size>
		<width>378</width>
		<height>504</height>
		<depth>3</depth>
	</size>
	<segmented>0</segmented>
	<object>
		<name>jack</name>
		<pose>Unspecified</pose>
		<truncated>0</truncated>
		<difficult>0</difficult>
		<bndbox>
			<xmin>118</xmin>
			<ymin>205</ymin>
			<xmax>302</xmax>
			<ymax>449</ymax>
		</bndbox>
	</object>
	<object>
		<name>ten</name>
		<pose>Unspecified</pose>
		<truncated>0</truncated>
		<difficult>0</difficult>
		<bndbox>
			<xmin>61</xmin>
			<ymin>206</ymin>
			<xmax>149</xmax>
			<ymax>436</ymax>
		</bndbox>
	</object>
</annotation>
