<annotation>
	<folder>train</folder>
	<filename>IMG_2631.JPG</filename>
	<path>IMG_2631.JPG</path>
	<source>
		<database>Unknown</database>
	</source>
	<size>
		<width>378</width>
		<height>504</height>
		<depth>3</depth>
	</size>
	<segmented>0</segmented>
	<object>
		<name>ten</name>
		<pose>Unspecified</pose>
		<truncated>0</truncated>
		<difficult>0</difficult>
		<bndbox>
			<xmin>207</xmin>
			<ymin>210</ymin>
			<xmax>301</xmax>
			<ymax>413</ymax>
		</bndbox>
	</object>
	<object>
		<name>queen</name>
		<pose>Unspecified</pose>
		<truncated>0</truncated>
		<difficult>0</difficult>
		<bndbox>
			<xmin>68</xmin>
			<ymin>234</ymin>
			<xmax>223</xmax>
			<ymax>430</ymax>
		</bndbox>
	</object>
</annotation>
