<annotation>
	<folder>train</folder>
	<filename>IMG_2652.JPG</filename>
	<path>IMG_2652.JPG</path>
	<source>
		<database>Unknown</database>
	</source>
	<size>
		<width>378</width>
		<height>504</height>
		<depth>3</depth>
	</size>
	<segmented>0</segmented>
	<object>
		<name>jack</name>
		<pose>Unspecified</pose>
		<truncated>0</truncated>
		<difficult>0</difficult>
		<bndbox>
			<xmin>57</xmin>
			<ymin>132</ymin>
			<xmax>228</xmax>
			<ymax>364</ymax>
		</bndbox>
	</object>
	<object>
		<name>ten</name>
		<pose>Unspecified</pose>
		<truncated>0</truncated>
		<difficult>0</difficult>
		<bndbox>
			<xmin>225</xmin>
			<ymin>119</ymin>
			<xmax>324</xmax>
			<ymax>357</ymax>
		</bndbox>
	</object>
</annotation>
