<annotation>
	<folder>train</folder>
	<filename>IMG_2619.JPG</filename>
	<path>IMG_2619.JPG</path>
	<source>
		<database>Unknown</database>
	</source>
	<size>
		<width>378</width>
		<height>504</height>
		<depth>3</depth>
	</size>
	<segmented>0</segmented>
	<object>
		<name>ten</name>
		<pose>Unspecified</pose>
		<truncated>0</truncated>
		<difficult>0</difficult>
		<bndbox>
			<xmin>266</xmin>
			<ymin>47</ymin>
			<xmax>345</xmax>
			<ymax>297</ymax>
		</bndbox>
	</object>
	<object>
		<name>queen</name>
		<pose>Unspecified</pose>
		<truncated>0</truncated>
		<difficult>0</difficult>
		<bndbox>
			<xmin>93</xmin>
			<ymin>48</ymin>
			<xmax>267</xmax>
			<ymax>302</ymax>
		</bndbox>
	</object>
</annotation>
