<annotation>
	<folder>train</folder>
	<filename>IMG_2658.JPG</filename>
	<path>IMG_2658.JPG</path>
	<source>
		<database>Unknown</database>
	</source>
	<size>
		<width>378</width>
		<height>504</height>
		<depth>3</depth>
	</size>
	<segmented>0</segmented>
	<object>
		<name>nine</name>
		<pose>Unspecified</pose>
		<truncated>0</truncated>
		<difficult>0</difficult>
		<bndbox>
			<xmin>166</xmin>
			<ymin>66</ymin>
			<xmax>341</xmax>
			<ymax>280</ymax>
		</bndbox>
	</object>
	<object>
		<name>jack</name>
		<pose>Unspecified</pose>
		<truncated>0</truncated>
		<difficult>0</difficult>
		<bndbox>
			<xmin>48</xmin>
			<ymin>79</ymin>
			<xmax>176</xmax>
			<ymax>302</ymax>
		</bndbox>
	</object>
</annotation>
