<annotation>
	<folder>train</folder>
	<filename>IMG_2586.JPG</filename>
	<path>IMG_2586.JPG</path>
	<source>
		<database>Unknown</database>
	</source>
	<size>
		<width>378</width>
		<height>504</height>
		<depth>3</depth>
	</size>
	<segmented>0</segmented>
	<object>
		<name>queen</name>
		<pose>Unspecified</pose>
		<truncated>0</truncated>
		<difficult>0</difficult>
		<bndbox>
			<xmin>259</xmin>
			<ymin>272</ymin>
			<xmax>360</xmax>
			<ymax>355</ymax>
		</bndbox>
	</object>
	<object>
		<name>queen</name>
		<pose>Unspecified</pose>
		<truncated>0</truncated>
		<difficult>0</difficult>
		<bndbox>
			<xmin>114</xmin>
			<ymin>42</ymin>
			<xmax>212</xmax>
			<ymax>101</ymax>
		</bndbox>
	</object>
	<object>
		<name>ten</name>
		<pose>Unspecified</pose>
		<truncated>0</truncated>
		<difficult>0</difficult>
		<bndbox>
			<xmin>50</xmin>
			<ymin>139</ymin>
			<xmax>120</xmax>
			<ymax>211</ymax>
		</bndbox>
	</object>
	<object>
		<name>king</name>
		<pose>Unspecified</pose>
		<truncated>0</truncated>
		<difficult>0</difficult>
		<bndbox>
			<xmin>43</xmin>
			<ymin>302</ymin>
			<xmax>139</xmax>
			<ymax>374</ymax>
		</bndbox>
	</object>
</annotation>
