<annotation>
	<folder>train</folder>
	<filename>IMG_2680.JPG</filename>
	<path>IMG_2680.JPG</path>
	<source>
		<database>Unknown</database>
	</source>
	<size>
		<width>378</width>
		<height>504</height>
		<depth>3</depth>
	</size>
	<segmented>0</segmented>
	<object>
		<name>nine</name>
		<pose>Unspecified</pose>
		<truncated>0</truncated>
		<difficult>0</difficult>
		<bndbox>
			<xmin>175</xmin>
			<ymin>245</ymin>
			<xmax>329</xmax>
			<ymax>458</ymax>
		</bndbox>
	</object>
	<object>
		<name>nine</name>
		<pose>Unspecified</pose>
		<truncated>0</truncated>
		<difficult>0</difficult>
		<bndbox>
			<xmin>82</xmin>
			<ymin>234</ymin>
			<xmax>187</xmax>
			<ymax>444</ymax>
		</bndbox>
	</object>
</annotation>
