<annotation>
	<folder>train</folder>
	<filename>IMG_2687.JPG</filename>
	<path>IMG_2687.JPG</path>
	<source>
		<database>Unknown</database>
	</source>
	<size>
		<width>378</width>
		<height>504</height>
		<depth>3</depth>
	</size>
	<segmented>0</segmented>
	<object>
		<name>ace</name>
		<pose>Unspecified</pose>
		<truncated>0</truncated>
		<difficult>0</difficult>
		<bndbox>
			<xmin>115</xmin>
			<ymin>223</ymin>
			<xmax>277</xmax>
			<ymax>440</ymax>
		</bndbox>
	</object>
	<object>
		<name>ten</name>
		<pose>Unspecified</pose>
		<truncated>0</truncated>
		<difficult>0</difficult>
		<bndbox>
			<xmin>54</xmin>
			<ymin>232</ymin>
			<xmax>130</xmax>
			<ymax>454</ymax>
		</bndbox>
	</object>
</annotation>
