<annotation>
	<folder>train</folder>
	<filename>IMG_2629.JPG</filename>
	<path>IMG_2629.JPG</path>
	<source>
		<database>Unknown</database>
	</source>
	<size>
		<width>378</width>
		<height>504</height>
		<depth>3</depth>
	</size>
	<segmented>0</segmented>
	<object>
		<name>ace</name>
		<pose>Unspecified</pose>
		<truncated>0</truncated>
		<difficult>0</difficult>
		<bndbox>
			<xmin>56</xmin>
			<ymin>28</ymin>
			<xmax>261</xmax>
			<ymax>287</ymax>
		</bndbox>
	</object>
	<object>
		<name>nine</name>
		<pose>Unspecified</pose>
		<truncated>0</truncated>
		<difficult>0</difficult>
		<bndbox>
			<xmin>202</xmin>
			<ymin>18</ymin>
			<xmax>335</xmax>
			<ymax>287</ymax>
		</bndbox>
	</object>
</annotation>
