<annotation>
	<folder>train</folder>
	<filename>IMG_2630.JPG</filename>
	<path>IMG_2630.JPG</path>
	<source>
		<database>Unknown</database>
	</source>
	<size>
		<width>378</width>
		<height>504</height>
		<depth>3</depth>
	</size>
	<segmented>0</segmented>
	<object>
		<name>ace</name>
		<pose>Unspecified</pose>
		<truncated>0</truncated>
		<difficult>0</difficult>
		<bndbox>
			<xmin>90</xmin>
			<ymin>91</ymin>
			<xmax>289</xmax>
			<ymax>303</ymax>
		</bndbox>
	</object>
	<object>
		<name>ten</name>
		<pose>Unspecified</pose>
		<truncated>0</truncated>
		<difficult>0</difficult>
		<bndbox>
			<xmin>177</xmin>
			<ymin>44</ymin>
			<xmax>353</xmax>
			<ymax>224</ymax>
		</bndbox>
	</object>
</annotation>
