<annotation>
	<folder>train</folder>
	<filename>IMG_2671.JPG</filename>
	<path>IMG_2671.JPG</path>
	<source>
		<database>Unknown</database>
	</source>
	<size>
		<width>378</width>
		<height>504</height>
		<depth>3</depth>
	</size>
	<segmented>0</segmented>
	<object>
		<name>queen</name>
		<pose>Unspecified</pose>
		<truncated>0</truncated>
		<difficult>0</difficult>
		<bndbox>
			<xmin>197</xmin>
			<ymin>277</ymin>
			<xmax>344</xmax>
			<ymax>468</ymax>
		</bndbox>
	</object>
	<object>
		<name>queen</name>
		<pose>Unspecified</pose>
		<truncated>0</truncated>
		<difficult>0</difficult>
		<bndbox>
			<xmin>107</xmin>
			<ymin>263</ymin>
			<xmax>243</xmax>
			<ymax>442</ymax>
		</bndbox>
	</object>
	<object>
		<name>king</name>
		<pose>Unspecified</pose>
		<truncated>0</truncated>
		<difficult>0</difficult>
		<bndbox>
			<xmin>22</xmin>
			<ymin>251</ymin>
			<xmax>138</xmax>
			<ymax>424</ymax>
		</bndbox>
	</object>
</annotation>
