<annotation>
	<folder>train</folder>
	<filename>IMG_2569.JPG</filename>
	<path>IMG_2569.JPG</path>
	<source>
		<database>Unknown</database>
	</source>
	<size>
		<width>378</width>
		<height>504</height>
		<depth>3</depth>
	</size>
	<segmented>0</segmented>
	<object>
		<name>ace</name>
		<pose>Unspecified</pose>
		<truncated>0</truncated>
		<difficult>0</difficult>
		<bndbox>
			<xmin>55</xmin>
			<ymin>139</ymin>
			<xmax>153</xmax>
			<ymax>247</ymax>
		</bndbox>
	</object>
	<object>
		<name>jack</name>
		<pose>Unspecified</pose>
		<truncated>0</truncated>
		<difficult>0</difficult>
		<bndbox>
			<xmin>181</xmin>
			<ymin>83</ymin>
			<xmax>281</xmax>
			<ymax>192</ymax>
		</bndbox>
	</object>
	<object>
		<name>jack</name>
		<pose>Unspecified</pose>
		<truncated>0</truncated>
		<difficult>0</difficult>
		<bndbox>
			<xmin>157</xmin>
			<ymin>207</ymin>
			<xmax>236</xmax>
			<ymax>305</ymax>
		</bndbox>
	</object>
	<object>
		<name>jack</name>
		<pose>Unspecified</pose>
		<truncated>0</truncated>
		<difficult>0</difficult>
		<bndbox>
			<xmin>94</xmin>
			<ymin>253</ymin>
			<xmax>164</xmax>
			<ymax>343</ymax>
		</bndbox>
	</object>
</annotation>
