<annotation>
	<folder>train</folder>
	<filename>IMG_2684.JPG</filename>
	<path>IMG_2684.JPG</path>
	<source>
		<database>Unknown</database>
	</source>
	<size>
		<width>378</width>
		<height>504</height>
		<depth>3</depth>
	</size>
	<segmented>0</segmented>
	<object>
		<name>king</name>
		<pose>Unspecified</pose>
		<truncated>0</truncated>
		<difficult>0</difficult>
		<bndbox>
			<xmin>55</xmin>
			<ymin>223</ymin>
			<xmax>139</xmax>
			<ymax>430</ymax>
		</bndbox>
	</object>
	<object>
		<name>ace</name>
		<pose>Unspecified</pose>
		<truncated>0</truncated>
		<difficult>0</difficult>
		<bndbox>
			<xmin>106</xmin>
			<ymin>230</ymin>
			<xmax>287</xmax>
			<ymax>469</ymax>
		</bndbox>
	</object>
</annotation>
