<annotation>
	<folder>train</folder>
	<filename>IMG_2682.JPG</filename>
	<path>IMG_2682.JPG</path>
	<source>
		<database>Unknown</database>
	</source>
	<size>
		<width>378</width>
		<height>504</height>
		<depth>3</depth>
	</size>
	<segmented>0</segmented>
	<object>
		<name>ace</name>
		<pose>Unspecified</pose>
		<truncated>0</truncated>
		<difficult>0</difficult>
		<bndbox>
			<xmin>122</xmin>
			<ymin>138</ymin>
			<xmax>350</xmax>
			<ymax>432</ymax>
		</bndbox>
	</object>
	<object>
		<name>ace</name>
		<pose>Unspecified</pose>
		<truncated>0</truncated>
		<difficult>0</difficult>
		<bndbox>
			<xmin>33</xmin>
			<ymin>137</ymin>
			<xmax>174</xmax>
			<ymax>408</ymax>
		</bndbox>
	</object>
</annotation>
