<annotation>
	<folder>train</folder>
	<filename>IMG_2574.JPG</filename>
	<path>IMG_2574.JPG</path>
	<source>
		<database>Unknown</database>
	</source>
	<size>
		<width>378</width>
		<height>504</height>
		<depth>3</depth>
	</size>
	<segmented>0</segmented>
	<object>
		<name>nine</name>
		<pose>Unspecified</pose>
		<truncated>0</truncated>
		<difficult>0</difficult>
		<bndbox>
			<xmin>152</xmin>
			<ymin>126</ymin>
			<xmax>318</xmax>
			<ymax>257</ymax>
		</bndbox>
	</object>
	<object>
		<name>jack</name>
		<pose>Unspecified</pose>
		<truncated>0</truncated>
		<difficult>0</difficult>
		<bndbox>
			<xmin>24</xmin>
			<ymin>227</ymin>
			<xmax>228</xmax>
			<ymax>423</ymax>
		</bndbox>
	</object>
</annotation>
